id,name,email,password,phone,dlImage,bookings,createdAt,updatedAt
66c44ca0fc13ae4e8ee25f04,Rurik Gourley,rgourley0@harvard.edu,hY8$g`&!>W@gi,+86 629 103 4801,http://dummyimage.com/184x100.png/cc0000/ffffff,"[{},{},{}]","{""$date"":""2024-05-05T22:14:26.000Z""}","{""$date"":""2024-02-29T12:06:17.000Z""}"
66c44ca0fc13ae4e8ee25f05,Bree Foldes,bfoldes1@nhs.uk,iP2~@IR}}lW(V/a,+63 228 748 7059,http://dummyimage.com/205x100.png/ff4444/ffffff,"[{},{},{}]","{""$date"":""2023-10-18T01:16:36.000Z""}","{""$date"":""2024-01-28T04:30:59.000Z""}"
66c44ca0fc13ae4e8ee25f06,Karil Bruffell,kbruffell2@mail.ru,mA0}pBfdQ4~}Y,+86 759 916 6254,http://dummyimage.com/219x100.png/cc0000/ffffff,"[{},{}]","{""$date"":""2024-01-01T20:23:02.000Z""}","{""$date"":""2023-09-12T06:05:41.000Z""}"
66c44ca0fc13ae4e8ee25f07,Granthem Pinckstone,gpinckstone3@time.com,"nA3!""Tq'<",+86 455 784 8267,http://dummyimage.com/238x100.png/5fa2dd/ffffff,[],"{""$date"":""2023-10-25T14:38:24.000Z""}","{""$date"":""2023-12-15T15:28:14.000Z""}"
66c44ca0fc13ae4e8ee25f08,Kristian Aust,kaust4@noaa.gov,"mC0~<""6SBT}Wm",+55 374 238 7805,http://dummyimage.com/155x100.png/dddddd/000000,"[{},{},{},{},{}]","{""$date"":""2023-12-18T12:33:57.000Z""}","{""$date"":""2023-09-30T06:44:08.000Z""}"
66c44ca0fc13ae4e8ee25f09,Franklyn Mattusov,fmattusov5@geocities.jp,cE0|H$<%,+383 446 671 3094,http://dummyimage.com/141x100.png/cc0000/ffffff,[{}],"{""$date"":""2023-07-23T10:14:08.000Z""}","{""$date"":""2024-04-29T13:28:44.000Z""}"
66c44ca0fc13ae4e8ee25f0a,Gilburt Vakhrushev,gvakhrushev6@washington.edu,nM7'/3VFmoUz,+46 129 479 1391,http://dummyimage.com/234x100.png/cc0000/ffffff,"[{},{}]","{""$date"":""2023-11-03T13:32:09.000Z""}","{""$date"":""2024-02-08T22:36:52.000Z""}"
66c44ca0fc13ae4e8ee25f0b,Ariadne Deinert,adeinert7@upenn.edu,pY6'sY<DFI3kh,+374 981 212 9636,http://dummyimage.com/198x100.png/ff4444/ffffff,[{}],"{""$date"":""2024-08-02T03:56:17.000Z""}","{""$date"":""2024-03-13T09:03:06.000Z""}"
66c44ca0fc13ae4e8ee25f0c,Euell Jammet,ejammet8@va.gov,eT2#yIDx9Fg+,+66 570 571 4151,http://dummyimage.com/175x100.png/ff4444/ffffff,"[{},{}]","{""$date"":""2024-04-10T07:28:41.000Z""}","{""$date"":""2023-09-26T07:50:53.000Z""}"
66c44ca0fc13ae4e8ee25f0d,Shane Oliver,soliver9@jimdo.com,zR8~vje5OL,+86 348 505 4742,http://dummyimage.com/143x100.png/ff4444/ffffff,[],"{""$date"":""2024-03-21T20:53:45.000Z""}","{""$date"":""2023-08-03T17:19:34.000Z""}"
